Charge,Race,Age,Bond,Count
ACCOMPLICE,White,23,1500.0,9
AGGRAVATED ASSAULT,Black,26,3500.0,3
AGGRAVATED ASSAULT,Hispanic,18,25000.0,13
AGGRAVATED ASSAULT,Hispanic,24,10000.0,4
AGGRAVATED ASSAULT,None,33,25000.0,14
AGGRAVATED ASSAULT,White,26,5000.0,14
AGGRAVATED ASSAULT,White,32,50000.0,7
AGGRAVATED ASSAULT,White,34,2500.0,9
AGGRAVATED ASSAULT,White,36,5000.0,7
AGGRAVATED ASSAULT,White,41,5000.0,9
AGGRAVATED ASSAULT ON A FAMILY OR HOUSEH,Asian,41,15000.0,7
AGGRAVATED ASSAULT ON A FAMILY OR HOUSEH,Black,21,5000.0,7
AGGRAVATED ASSAULT ON A FAMILY OR HOUSEH,Black,30,5000.0,14
AGGRAVATED ASSAULT ON A FAMILY OR HOUSEH,Black,39,7500.0,4
AGGRAVATED ASSAULT ON A FAMILY OR HOUSEH,Black,52,5000.0,13
AGGRAVATED ASSAULT ON A FAMILY OR HOUSEH,White,34,10000.0,4
AGGRAVATED ASSAULT ON A FAMILY OR HOUSEH,White,52,7500.0,7
AGGRAVATED RESIDENTIAL BURGLARY,White,21,50000.0,14
AGGRAVATED ROBBERY,Hispanic,27,5000.0,9
AGGRAVATED ROBBERY,White,42,25000.0,14
AGGRAVATED ROBBERY,White,42,500000.0,14
ARSON,White,36,5000.0,7
ARSON,White,36,15000.0,7
ASSAULT ON FAMILY MEMBER 3RD,White,18,365.0,1
ASSAULT ON FAMILY MEMBER 3RD,White,19,365.0,14
ASSAULT ON FAMILY MEMBER 3RD,White,64,570.0,2
BATTERY - 1ST DEGREE,Black,29,350000.0,14
BATTERY - 1ST DEGREE,White,61,250000.0,14
BATTERY - 2ND DEGREE,Black,36,2500.0,7
BATTERY - 2ND DEGREE,Black,37,25000.0,1
BATTERY - 2ND DEGREE,White,20,3500.0,14
BATTERY - 2ND DEGREE,White,26,1000.0,14
BATTERY - 2ND DEGREE,White,26,2500.0,5
BATTERY - 2ND DEGREE,White,31,10000.0,14
BATTERY - 2ND DEGREE,White,35,10000.0,14
BATTERY - 2ND DEGREE,White,35,25000.0,14
BATTERY - 2ND DEGREE,White,42,2500.0,1
BATTERY - 2ND DEGREE,White,42,25000.0,12
BATTERY - 2ND DEGREE,White,51,3500.0,14
BATTERY - 2ND DEGREE,White,68,2500.0,14
BATTERY - 2ND DEGREE(2   Counts),Black,41,3500.0,14
BATTERY - 2ND DEGREE(2   Counts),White,31,5000.0,14
BATTERY - 2ND DEGREE(3   Counts),White,31,5000.0,14
BATTERY - 3RD DEGREE,White,28,1035.0,7
BREAKING OR ENTERING ( BUILDING),Black,33,10000.0,14
BREAKING OR ENTERING ( BUILDING),Hispanic,19,3500.0,14
BREAKING OR ENTERING ( BUILDING),White,33,3500.0,1
BREAKING OR ENTERING ( BUILDING),White,36,1500.0,7
BREAKING OR ENTERING ( BUILDING)(2   Counts),Black,24,5000.0,14
BREAKING OR ENTERING (THEFT FROM VEHICLE,None,18,1000.0,14
BREAKING OR ENTERING (THEFT FROM VEHICLE,White,23,5000.0,14
BREAKING OR ENTERING (THEFT FROM VEHICLE(2   Counts),Black,26,5000.0,14
BURGLARY / COMMERCIAL,White,18,2500.0,5
BURGLARY / COMMERCIAL,White,31,5000.0,26
BURGLARY / COMMERCIAL,White,33,2500.0,2
BURGLARY / COMMERCIAL(3   Counts),Black,44,3500.0,14
BURGLARY / RESIDENTIAL,Black,31,5000.0,14
BURGLARY / RESIDENTIAL,Black,34,1500.0,7
BURGLARY / RESIDENTIAL,Black,37,5000.0,13
BURGLARY / RESIDENTIAL,Black,45,10000.0,14
BURGLARY / RESIDENTIAL,Black,49,10000.0,14
BURGLARY / RESIDENTIAL,White,21,5000.0,7
BURGLARY / RESIDENTIAL,White,22,1500.0,14
BURGLARY / RESIDENTIAL,White,23,3500.0,14
BURGLARY / RESIDENTIAL,White,29,5000.0,14
BURGLARY / RESIDENTIAL,White,31,8500.0,14
BURGLARY / RESIDENTIAL,White,37,5000.0,14
BURGLARY / RESIDENTIAL,White,40,7500.0,5
BURGLARY / RESIDENTIAL(2   Counts),White,29,2500.0,9
CAPITAL MURDER,Black,32,750000.0,14
CAPITAL MURDER,Hispanic,43,250000.0,14
CAPITAL MURDER,White,40,500000.0,14
CARELESS DRIVING,Black,24,2000.0,14
CARELESS DRIVING,Black,29,2500.0,2
CONTEMPT OF COURT,Black,26,2000.0,7
CONTEMPT OF COURT,Black,28,1300.0,14
CONTEMPT OF COURT,Black,28,1500.0,14
CONTEMPT OF COURT,Black,38,175000.0,7
CONTEMPT OF COURT,Black,39,1100.0,5
CONTEMPT OF COURT,Black,48,1000.0,11
CONTEMPT OF COURT,Black,61,1000.0,7
CONTEMPT OF COURT,Black,61,175000.0,14
CONTEMPT OF COURT,Hispanic,29,175000.0,5
CONTEMPT OF COURT,Hispanic,33,1500.0,14
CONTEMPT OF COURT,Hispanic,34,175000.0,14
CONTEMPT OF COURT,Hispanic,39,650.0,2
CONTEMPT OF COURT,None,52,2500.0,14
CONTEMPT OF COURT,None,52,5000.0,14
CONTEMPT OF COURT,White,21,175000.0,7
CONTEMPT OF COURT,White,23,295.0,1
CONTEMPT OF COURT,White,23,175000.0,25
CONTEMPT OF COURT,White,25,175000.0,12
CONTEMPT OF COURT,White,26,175000.0,1
CONTEMPT OF COURT,White,29,175000.0,14
CONTEMPT OF COURT,White,30,175000.0,28
CONTEMPT OF COURT,White,32,2000.0,7
CONTEMPT OF COURT,White,33,650.0,7
CONTEMPT OF COURT,White,33,175000.0,19
CONTEMPT OF COURT,White,35,175000.0,4
CONTEMPT OF COURT,White,36,650.0,7
CONTEMPT OF COURT,White,42,2500.0,4
CONTEMPT OF COURT,White,43,175000.0,3
CONTEMPT OF COURT,White,46,2000.0,14
CONTEMPT OF COURT,White,46,5000.0,14
CONTEMPT OF COURT,White,48,175000.0,4
CONTEMPT OF COURT,White,49,175000.0,18
CONTEMPT OF COURT,White,53,3500.0,14
CONTEMPT OF COURT,White,55,3500.0,14
COURTESY/CONTRACT HOLD,Asian,58,1000.0,2
COURTESY/CONTRACT HOLD,Hispanic,29,3500.0,7
COURTESY/CONTRACT HOLD,Indian,23,125000.0,14
COURTESY/CONTRACT HOLD,White,19,2500.0,7
COURTESY/CONTRACT HOLD,White,19,50000.0,3
COURTESY/CONTRACT HOLD,White,20,150000.0,7
COURTESY/CONTRACT HOLD,White,21,1500.0,14
COURTESY/CONTRACT HOLD,White,25,1500.0,2
COURTESY/CONTRACT HOLD,White,25,5000.0,1
COURTESY/CONTRACT HOLD,White,25,10000.0,14
COURTESY/CONTRACT HOLD,White,27,2500.0,2
COURTESY/CONTRACT HOLD,White,27,175000.0,7
COURTESY/CONTRACT HOLD,White,28,100000.0,7
COURTESY/CONTRACT HOLD,White,29,2500.0,2
COURTESY/CONTRACT HOLD,White,29,100000.0,13
COURTESY/CONTRACT HOLD,White,32,50000.0,14
COURTESY/CONTRACT HOLD,White,33,35000.0,4
COURTESY/CONTRACT HOLD,White,34,5000.0,1
COURTESY/CONTRACT HOLD,White,34,75000.0,14
COURTESY/CONTRACT HOLD,White,36,5000.0,6
COURTESY/CONTRACT HOLD,White,40,2500.0,13
COURTESY/CONTRACT HOLD,White,40,250000.0,14
COURTESY/CONTRACT HOLD,White,45,555.0,3
COURTESY/CONTRACT HOLD,White,45,100000.0,14
COURTESY/CONTRACT HOLD,White,46,2500.0,7
COURTESY/CONTRACT HOLD,White,47,250000.0,14
COURTESY/CONTRACT HOLD,White,48,2000.0,14
COURTESY/CONTRACT HOLD,White,52,50000.0,14
COURTESY/CONTRACT HOLD,White,53,15000.0,14
COURTESY/CONTRACT HOLD,White,58,10000.0,14
COURTESY/CONTRACT HOLD,White,60,4436.18,14
COURTESY/CONTRACT HOLD,White,60,10000.0,1
CRIMINAL MISCHIEF - 1ST DEGREE,Black,32,1700.0,14
CRIMINAL MISCHIEF - 1ST DEGREE,Hispanic,24,1500.0,14
CRIMINAL MISCHIEF - 1ST DEGREE,White,19,1500.0,1
CRIMINAL MISCHIEF - 1ST DEGREE,White,32,2500.0,5
CRIMINAL MISCHIEF - 1ST DEGREE,White,48,1035.0,2
CRIMINAL TRESPASS / PREMISES,Hispanic,28,1500.0,1
CRIMINAL TRESPASS / PREMISES,White,21,215.0,2
CRIMINAL TRESPASS / PREMISES,White,36,1500.0,5
CRIMINAL TRESPASS / PREMISES,White,50,100.0,7
CRIMINAL TRESPASS / PREMISES,White,50,215.0,4
CRIMINAL TRESPASS / PREMISES,White,58,415.0,1
DELIVERY OF MARIJUANA,White,23,2500.0,4
DELIVERY OF METHAMPHETAMINE OR COCAINE,Black,34,75000.0,7
DELIVERY OF METHAMPHETAMINE OR COCAINE,Black,37,3500.0,2
DELIVERY OF METHAMPHETAMINE OR COCAINE,Hispanic,30,50000.0,14
DELIVERY OF METHAMPHETAMINE OR COCAINE,Hispanic,32,3000.0,14
DELIVERY OF METHAMPHETAMINE OR COCAINE,Hispanic,36,2500.0,14
DELIVERY OF METHAMPHETAMINE OR COCAINE,White,22,1500.0,7
DELIVERY OF METHAMPHETAMINE OR COCAINE,White,22,3500.0,7
DELIVERY OF METHAMPHETAMINE OR COCAINE,White,24,5000.0,2
DELIVERY OF METHAMPHETAMINE OR COCAINE,White,25,2500.0,14
DELIVERY OF METHAMPHETAMINE OR COCAINE,White,33,2500.0,5
DELIVERY OF METHAMPHETAMINE OR COCAINE,White,35,3500.0,14
DELIVERY OF METHAMPHETAMINE OR COCAINE,White,37,5000.0,7
DELIVERY OF METHAMPHETAMINE OR COCAINE(2   Counts),Hispanic,38,2500.0,14
DELIVERY OF METHAMPHETAMINE OR COCAINE(2   Counts),White,27,3500.0,14
DELIVERY OF METHAMPHETAMINE OR COCAINE(3   Counts),White,24,5000.0,7
DELIVERY OF METHAMPHETAMINE OR COCAINE(4   Counts),Black,34,3500.0,7
DELIVERY OF SCHEDULE II,Black,19,1500.0,7
DISORDERLY CONDUCT,Black,28,800.0,2
DISORDERLY CONDUCT,White,36,1500.0,1
DOMESTIC BATTERING - 1ST DEGREE,None,34,20000.0,14
DOMESTIC BATTERING - 1ST DEGREE,White,29,10000.0,2
DOMESTIC BATTERING - 1ST DEGREE,White,29,100000.0,14
DOMESTIC BATTERING - 2ND DEGREE,Black,28,3500.0,3
DOMESTIC BATTERING - 2ND DEGREE,Black,35,7500.0,7
DOMESTIC BATTERING - 2ND DEGREE,Black,35,15000.0,7
DOMESTIC BATTERING - 2ND DEGREE,Black,40,50000.0,14
DOMESTIC BATTERING - 2ND DEGREE,Hispanic,28,5500.0,7
DOMESTIC BATTERING - 2ND DEGREE,Hispanic,29,3500.0,14
DOMESTIC BATTERING - 2ND DEGREE,White,34,3500.0,14
DOMESTIC BATTERING - 2ND DEGREE,White,39,15000.0,23
DOMESTIC BATTERING - 2ND DEGREE,White,51,5000.0,14
DOMESTIC BATTERING - 2ND DEGREE(2   Counts),White,55,15000.0,2
DOMESTIC BATTERING - 3RD DEGREE,Black,24,25000.0,7
DOMESTIC BATTERING - 3RD DEGREE,Black,34,5000.0,3
DOMESTIC BATTERING - 3RD DEGREE,Black,39,3500.0,7
DOMESTIC BATTERING - 3RD DEGREE,Hispanic,22,5000.0,14
DOMESTIC BATTERING - 3RD DEGREE,Hispanic,25,5000.0,14
DOMESTIC BATTERING - 3RD DEGREE,Hispanic,41,15000.0,14
DOMESTIC BATTERING - 3RD DEGREE,Hispanic,42,5000.0,14
DOMESTIC BATTERING - 3RD DEGREE,White,20,1525.0,1
DOMESTIC BATTERING - 3RD DEGREE,White,21,1085.0,1
DOMESTIC BATTERING - 3RD DEGREE,White,25,1080.0,1
DOMESTIC BATTERING - 3RD DEGREE,White,27,10000.0,9
DOMESTIC BATTERING - 3RD DEGREE,White,33,5000.0,14
DOMESTIC BATTERING - 3RD DEGREE,White,48,1525.5,2
DOMESTIC BATTERING - 3RD DEGREE,White,55,1090.0,5
DRIVING ON SUSPENDED FOR DWI,White,39,2595.0,14
DRUG TRAFFICKING,White,38,15000.0,14
DRUG TRAFFICKING,White,60,100000.0,4
DWI,Black,19,1425.0,1
DWI,Black,30,2000.0,2
DWI,Hispanic,24,1765.0,1
DWI,Hispanic,32,1605.0,14
DWI,Indian,26,2000.0,1
DWI,White,28,1651.5,1
DWI,White,35,1015.0,1
DWI,White,35,1495.0,3
DWI,White,39,1275.0,1
DWI,White,40,765.0,1
DWI,White,43,935.0,2
DWI,White,53,2310.0,1
DWI,White,56,1190.0,7
DWI,White,57,5000.0,13
DWI,White,58,4595.0,2
DWI,p,56,5500.0,7
DWI(4   Counts),None,41,5000.0,1
DWI-DRUGS,Black,37,2000.0,14
ESCAPE - 3RD DEGREE,White,37,5000.0,14
EXTORTION,White,25,120000.0,14
FAIL TO REGISTER AS SEX OFFENDER,Black,39,10000.0,13
FAIL TO REGISTER AS SEX OFFENDER,Hispanic,31,3500.0,9
FAIL TO REGISTER AS SEX OFFENDER,White,27,1000.0,7
FAIL TO REGISTER AS SEX OFFENDER,White,30,1500.0,14
FAIL TO REGISTER AS SEX OFFENDER,White,33,2500.0,14
FAIL TO REGISTER AS SEX OFFENDER,White,38,3500.0,14
FAIL TO REGISTER AS SEX OFFENDER,White,39,1500.0,14
FAIL TO REGISTER AS SEX OFFENDER,White,43,2500.0,14
FAIL TO REGISTER AS SEX OFFENDER,White,44,2500.0,14
FAIL TO REGISTER AS SEX OFFENDER,White,50,50000.0,14
FAILURE TO APPEAR,Asian,18,75000.0,14
FAILURE TO APPEAR,Asian,28,5000.0,14
FAILURE TO APPEAR,Black,19,50000.0,14
FAILURE TO APPEAR,Black,20,75000.0,13
FAILURE TO APPEAR,Black,21,50000.0,10
FAILURE TO APPEAR,Black,21,150000.0,14
FAILURE TO APPEAR,Black,23,50000.0,14
FAILURE TO APPEAR,Black,24,500.0,7
FAILURE TO APPEAR,Black,24,1000.0,5
FAILURE TO APPEAR,Black,24,2065.0,2
FAILURE TO APPEAR,Black,25,540.0,7
FAILURE TO APPEAR,Black,25,1615.0,7
FAILURE TO APPEAR,Black,25,50000.0,21
FAILURE TO APPEAR,Black,26,565.0,2
FAILURE TO APPEAR,Black,26,2000.0,2
FAILURE TO APPEAR,Black,26,50000.0,7
FAILURE TO APPEAR,Black,26,100000.0,9
FAILURE TO APPEAR,Black,27,990.0,1
FAILURE TO APPEAR,Black,27,50000.0,14
FAILURE TO APPEAR,Black,29,1615.0,1
FAILURE TO APPEAR,Black,29,2000.0,7
FAILURE TO APPEAR,Black,29,500000.0,14
FAILURE TO APPEAR,Black,30,75000.0,7
FAILURE TO APPEAR,Black,31,790.0,7
FAILURE TO APPEAR,Black,31,1000.0,9
FAILURE TO APPEAR,Black,31,1030.0,14
FAILURE TO APPEAR,Black,31,1190.0,9
FAILURE TO APPEAR,Black,31,50000.0,36
FAILURE TO APPEAR,Black,31,75000.0,8
FAILURE TO APPEAR,Black,32,50000.0,28
FAILURE TO APPEAR,Black,33,50000.0,14
FAILURE TO APPEAR,Black,33,75000.0,7
FAILURE TO APPEAR,Black,35,75000.0,5
FAILURE TO APPEAR,Black,37,1440.0,7
FAILURE TO APPEAR,Black,37,50000.0,18
FAILURE TO APPEAR,Black,38,50000.0,28
FAILURE TO APPEAR,Black,43,415.0,1
FAILURE TO APPEAR,Black,49,100000.0,14
FAILURE TO APPEAR,Black,59,1010.0,14
FAILURE TO APPEAR,Black,59,50000.0,28
FAILURE TO APPEAR,Black,59,75000.0,14
FAILURE TO APPEAR,Hispanic,20,150000.0,14
FAILURE TO APPEAR,Hispanic,21,50000.0,14
FAILURE TO APPEAR,Hispanic,22,50000.0,14
FAILURE TO APPEAR,Hispanic,24,1645.0,5
FAILURE TO APPEAR,Hispanic,24,50000.0,21
FAILURE TO APPEAR,Hispanic,25,15000.0,14
FAILURE TO APPEAR,Hispanic,25,50000.0,28
FAILURE TO APPEAR,Hispanic,27,50000.0,9
FAILURE TO APPEAR,Hispanic,28,1255.0,7
FAILURE TO APPEAR,Hispanic,28,50000.0,5
FAILURE TO APPEAR,Hispanic,29,50000.0,14
FAILURE TO APPEAR,Hispanic,29,75000.0,14
FAILURE TO APPEAR,Hispanic,30,50000.0,28
FAILURE TO APPEAR,Hispanic,30,75000.0,5
FAILURE TO APPEAR,Hispanic,35,75000.0,14
FAILURE TO APPEAR,Hispanic,36,2000.0,5
FAILURE TO APPEAR,Hispanic,36,50000.0,14
FAILURE TO APPEAR,Hispanic,36,75000.0,14
FAILURE TO APPEAR,Hispanic,37,2000.0,1
FAILURE TO APPEAR,Hispanic,39,100000.0,2
FAILURE TO APPEAR,Hispanic,39,200000.0,12
FAILURE TO APPEAR,Indian,32,760.35,14
FAILURE TO APPEAR,Indian,32,75000.0,28
FAILURE TO APPEAR,None,19,75000.0,14
FAILURE TO APPEAR,None,24,50000.0,9
FAILURE TO APPEAR,None,25,50000.0,14
FAILURE TO APPEAR,None,27,50000.0,28
FAILURE TO APPEAR,None,38,50000.0,14
FAILURE TO APPEAR,White,18,855.0,1
FAILURE TO APPEAR,White,18,1190.0,1
FAILURE TO APPEAR,White,19,1500.0,5
FAILURE TO APPEAR,White,20,570.0,7
FAILURE TO APPEAR,White,20,980.0,3
FAILURE TO APPEAR,White,20,50000.0,14
FAILURE TO APPEAR,White,21,500.0,14
FAILURE TO APPEAR,White,21,805.0,2
FAILURE TO APPEAR,White,21,1595.0,2
FAILURE TO APPEAR,White,21,3120.0,5
FAILURE TO APPEAR,White,21,3285.0,2
FAILURE TO APPEAR,White,21,50000.0,61
FAILURE TO APPEAR,White,21,75000.0,28
FAILURE TO APPEAR,White,22,75000.0,9
FAILURE TO APPEAR,White,22,125000.0,5
FAILURE TO APPEAR,White,23,635.0,2
FAILURE TO APPEAR,White,23,780.0,2
FAILURE TO APPEAR,White,23,975.0,9
FAILURE TO APPEAR,White,23,1075.0,1
FAILURE TO APPEAR,White,23,50000.0,28
FAILURE TO APPEAR,White,24,1255.0,6
FAILURE TO APPEAR,White,24,2680.0,14
FAILURE TO APPEAR,White,24,3615.0,14
FAILURE TO APPEAR,White,24,50000.0,52
FAILURE TO APPEAR,White,24,75000.0,7
FAILURE TO APPEAR,White,25,595.0,4
FAILURE TO APPEAR,White,25,680.0,1
FAILURE TO APPEAR,White,25,50000.0,5
FAILURE TO APPEAR,White,25,75000.0,19
FAILURE TO APPEAR,White,25,100000.0,14
FAILURE TO APPEAR,White,25,175000.0,12
FAILURE TO APPEAR,White,26,2000.0,5
FAILURE TO APPEAR,White,26,50000.0,17
FAILURE TO APPEAR,White,26,75000.0,14
FAILURE TO APPEAR,White,26,100000.0,42
FAILURE TO APPEAR,White,27,780.0,2
FAILURE TO APPEAR,White,27,1220.0,2
FAILURE TO APPEAR,White,27,2560.0,2
FAILURE TO APPEAR,White,27,50000.0,26
FAILURE TO APPEAR,White,27,75000.0,2
FAILURE TO APPEAR,White,27,100000.0,4
FAILURE TO APPEAR,White,28,1080.0,5
FAILURE TO APPEAR,White,28,1200.0,3
FAILURE TO APPEAR,White,28,1220.0,2
FAILURE TO APPEAR,White,28,2255.0,1
FAILURE TO APPEAR,White,28,2780.0,1
FAILURE TO APPEAR,White,28,10000.0,2
FAILURE TO APPEAR,White,28,50000.0,7
FAILURE TO APPEAR,White,28,75000.0,28
FAILURE TO APPEAR,White,28,200000.0,14
FAILURE TO APPEAR,White,29,1220.0,2
FAILURE TO APPEAR,White,29,1500.0,7
FAILURE TO APPEAR,White,29,50000.0,56
FAILURE TO APPEAR,White,29,75000.0,14
FAILURE TO APPEAR,White,29,150000.0,28
FAILURE TO APPEAR,White,30,1030.0,7
FAILURE TO APPEAR,White,30,3335.0,4
FAILURE TO APPEAR,White,30,50000.0,23
FAILURE TO APPEAR,White,30,100000.0,10
FAILURE TO APPEAR,White,31,750.0,7
FAILURE TO APPEAR,White,31,840.0,2
FAILURE TO APPEAR,White,31,10000.0,7
FAILURE TO APPEAR,White,31,75000.0,12
FAILURE TO APPEAR,White,31,100000.0,14
FAILURE TO APPEAR,White,31,175000.0,14
FAILURE TO APPEAR,White,32,1045.0,2
FAILURE TO APPEAR,White,32,1500.0,7
FAILURE TO APPEAR,White,32,50000.0,16
FAILURE TO APPEAR,White,32,150000.0,7
FAILURE TO APPEAR,White,33,515.0,14
FAILURE TO APPEAR,White,33,780.0,2
FAILURE TO APPEAR,White,33,1245.0,2
FAILURE TO APPEAR,White,33,1365.0,3
FAILURE TO APPEAR,White,33,50000.0,41
FAILURE TO APPEAR,White,33,100000.0,7
FAILURE TO APPEAR,White,34,945.0,14
FAILURE TO APPEAR,White,34,50000.0,84
FAILURE TO APPEAR,White,34,75000.0,14
FAILURE TO APPEAR,White,34,100000.0,28
FAILURE TO APPEAR,White,35,1500.0,7
FAILURE TO APPEAR,White,35,1920.0,4
FAILURE TO APPEAR,White,35,2740.0,4
FAILURE TO APPEAR,White,35,50000.0,45
FAILURE TO APPEAR,White,35,75000.0,14
FAILURE TO APPEAR,White,36,685.0,9
FAILURE TO APPEAR,White,36,1190.0,2
FAILURE TO APPEAR,White,36,2800.0,5
FAILURE TO APPEAR,White,36,25000.0,14
FAILURE TO APPEAR,White,36,75000.0,3
FAILURE TO APPEAR,White,37,340.0,1
FAILURE TO APPEAR,White,37,740.0,2
FAILURE TO APPEAR,White,37,1135.0,14
FAILURE TO APPEAR,White,37,1698.0,1
FAILURE TO APPEAR,White,37,2640.0,7
FAILURE TO APPEAR,White,37,5000.0,14
FAILURE TO APPEAR,White,37,50000.0,35
FAILURE TO APPEAR,White,37,100000.0,14
FAILURE TO APPEAR,White,37,200000.0,14
FAILURE TO APPEAR,White,38,500.0,2
FAILURE TO APPEAR,White,38,1490.0,7
FAILURE TO APPEAR,White,38,1865.0,2
FAILURE TO APPEAR,White,38,50000.0,60
FAILURE TO APPEAR,White,38,75000.0,35
FAILURE TO APPEAR,White,38,100000.0,23
FAILURE TO APPEAR,White,38,150000.0,14
FAILURE TO APPEAR,White,39,1760.0,5
FAILURE TO APPEAR,White,39,2725.0,1
FAILURE TO APPEAR,White,39,175000.0,12
FAILURE TO APPEAR,White,40,50000.0,33
FAILURE TO APPEAR,White,40,75000.0,14
FAILURE TO APPEAR,White,40,100000.0,7
FAILURE TO APPEAR,White,41,500.0,6
FAILURE TO APPEAR,White,41,680.0,1
FAILURE TO APPEAR,White,41,50000.0,9
FAILURE TO APPEAR,White,41,75000.0,14
FAILURE TO APPEAR,White,41,150000.0,16
FAILURE TO APPEAR,White,42,50000.0,14
FAILURE TO APPEAR,White,42,75000.0,12
FAILURE TO APPEAR,White,43,1011.0,1
FAILURE TO APPEAR,White,43,50000.0,28
FAILURE TO APPEAR,White,44,680.0,1
FAILURE TO APPEAR,White,44,75000.0,15
FAILURE TO APPEAR,White,45,3545.0,3
FAILURE TO APPEAR,White,45,50000.0,5
FAILURE TO APPEAR,White,45,100000.0,2
FAILURE TO APPEAR,White,46,1000.0,2
FAILURE TO APPEAR,White,46,1280.0,2
FAILURE TO APPEAR,White,46,1950.0,2
FAILURE TO APPEAR,White,46,2105.0,5
FAILURE TO APPEAR,White,46,2480.0,2
FAILURE TO APPEAR,White,46,5000.0,9
FAILURE TO APPEAR,White,46,50000.0,19
FAILURE TO APPEAR,White,46,75000.0,28
FAILURE TO APPEAR,White,47,980.0,5
FAILURE TO APPEAR,White,47,50000.0,14
FAILURE TO APPEAR,White,47,75000.0,13
FAILURE TO APPEAR,White,48,490.0,5
FAILURE TO APPEAR,White,48,780.0,3
FAILURE TO APPEAR,White,48,50000.0,9
FAILURE TO APPEAR,White,49,1000.0,7
FAILURE TO APPEAR,White,49,50000.0,16
FAILURE TO APPEAR,White,49,175000.0,42
FAILURE TO APPEAR,White,50,75000.0,28
FAILURE TO APPEAR,White,50,200000.0,28
FAILURE TO APPEAR,White,51,50000.0,20
FAILURE TO APPEAR,White,51,75000.0,14
FAILURE TO APPEAR,White,51,150000.0,14
FAILURE TO APPEAR,White,53,50000.0,28
FAILURE TO APPEAR,White,53,75000.0,14
FAILURE TO APPEAR,White,55,1000.0,3
FAILURE TO APPEAR,White,55,50000.0,21
FAILURE TO APPEAR,White,56,2000.0,1
FAILURE TO APPEAR,White,56,150000.0,14
FAILURE TO APPEAR,White,57,2000.0,1
FAILURE TO APPEAR,White,57,50000.0,14
FAILURE TO APPEAR,White,59,50000.0,5
FAILURE TO APPEAR,White,60,1040.0,14
FAILURE TO APPEAR,White,60,50000.0,13
FAILURE TO APPEAR,White,63,1000.0,4
FAILURE TO APPEAR,White,65,75000.0,14
FAILURE TO APPEAR,p,26,100000.0,14
FAILURE TO APPEAR(2   Counts),White,27,50000.0,9
FAILURE TO APPEAR(2   Counts),White,31,750.0,7
FAILURE TO APPEAR(2   Counts),White,38,50000.0,14
FAILURE TO APPEAR(2   Counts),White,40,50000.0,14
FAILURE TO PAY FINES AND COST,White,31,800.0,7
FAILURE TO PAY FINES AND COST,White,34,1000.0,14
FAILURE TO PAY FINES AND COST,White,47,1460.0,7
FALSE IMPRISONMENT - 1ST DEGREE,White,26,4000.0,14
FINANCIAL IDENTITY FRAUD,Black,25,5000.0,14
FINANCIAL IDENTITY FRAUD,White,37,50000.0,14
FINANCIAL IDENTITY FRAUD,White,51,3500.0,5
FLEEING,Black,23,5000.0,14
FLEEING,Black,24,1000.0,7
FLEEING,Black,26,2000.0,1
FLEEING,Hispanic,22,1605.0,3
FLEEING,White,20,5000.0,14
FLEEING,White,26,3500.0,14
FLEEING,White,38,5000.0,2
FLEEING,White,40,10000.0,9
FLEEING,White,40,25000.0,3
FORGERY,Black,32,50000.0,14
FORGERY,Black,38,25000.0,14
FORGERY,Hispanic,24,1500.0,12
FORGERY,Hispanic,27,1500.0,13
FORGERY,Hispanic,28,1500.0,7
FORGERY,Hispanic,45,1500.0,14
FORGERY,White,28,1500.0,5
FORGERY,White,28,3500.0,12
FORGERY,White,29,1500.0,14
FORGERY,White,29,5000.0,16
FORGERY,White,42,2500.0,14
FORGERY,White,49,2500.0,39
FORGERY,White,50,1500.0,1
FORGERY(2   Counts),White,28,15000.0,5
FORGERY(4   Counts),Black,32,25000.0,14
FORGERY(4   Counts),White,22,2500.0,9
FORGERY(4   Counts),White,38,5000.0,14
FRAUD,White,35,2500.0,7
FRAUDULENT USE OF A CREDIT CARD / OTHER(5   Counts),White,47,3500.0,2
HINDERING APPREHENSION OR PROSECUTION /,Hispanic,18,50000.0,14
HINDERING APPREHENSION OR PROSECUTION /,Hispanic,21,50000.0,14
HINDERING APPREHENSION OR PROSECUTION /,White,47,2500.0,1
HOLD FOR OTHER DEPT,Black,39,75000.0,14
HOLD FOR OTHER DEPT,Hispanic,29,1040.0,7
HOLD FOR OTHER DEPT,White,19,50000.0,14
HOLD FOR OTHER DEPT,White,20,2190.0,7
HOLD FOR OTHER DEPT,White,21,75000.0,14
HOLD FOR OTHER DEPT,White,22,10000.0,14
HOLD FOR OTHER DEPT,White,23,1007.0,1
HOLD FOR OTHER DEPT,White,23,1640.0,14
HOLD FOR OTHER DEPT,White,23,50000.0,14
HOLD FOR OTHER DEPT,White,25,270.0,7
HOLD FOR OTHER DEPT,White,25,2500.0,14
HOLD FOR OTHER DEPT,White,27,270.0,2
HOLD FOR OTHER DEPT,White,27,5000.0,7
HOLD FOR OTHER DEPT,White,29,2500.0,14
HOLD FOR OTHER DEPT,White,29,5000.0,12
HOLD FOR OTHER DEPT,White,32,530.0,7
HOLD FOR OTHER DEPT,White,36,1445.0,1
HOLD FOR OTHER DEPT,White,38,1325.0,2
HOLD FOR OTHER DEPT,White,41,540.0,14
HOLD FOR OTHER DEPT,White,44,1500.0,14
HOLD FOR OTHER DEPT,White,48,1135.0,5
HOLD FOR OTHER DEPT,White,49,540.0,14
HOLD FOR OTHER DEPT,White,60,585.0,2
HOLD FOR OTHER DEPT,White,60,10000.0,14
HOLD FOR OTHER DEPT(3   Counts),White,23,1000.0,2
IMPROPER LANE CHANGE,White,38,2500.0,14
IMPROPER TURN /U-TURN,White,23,1370.0,2
INTERFERENCE WITH EMERGENCY COMMUNICATIO,Hispanic,31,1540.0,1
INTERNET STALKING OF A CHILD,Black,30,25000.0,14
INTERNET STALKING OF A CHILD,White,44,25000.0,14
KIDNAPPING,Hispanic,28,250000.0,7
KIDNAPPING,White,23,20000.0,14
KIDNAPPING,White,23,25000.0,13
KIDNAPPING,White,38,250000.0,7
KIDNAPPING,White,53,50000.0,14
LEAVING SCENE OF ACC./INJURY,Black,25,60000.0,14
LIVING NEAR A SCHOOL OR DAYCARE,White,27,50000.0,14
LOITERING,Indian,25,265.0,1
MURDER - 1ST DEGREE,Black,35,100000.0,14
MURDER - 1ST DEGREE,White,18,500000.0,14
MURDER - 1ST DEGREE,White,21,750000.0,14
NONSUPPORT/FAIL TO PAY CHILD-SUPPORT,Hispanic,33,2500.0,14
NONSUPPORT/FAIL TO PAY CHILD-SUPPORT,White,37,3500.0,7
OBSTRUCTING GOVERNMENTAL OPERATIONS / FA,Black,25,1120.0,1
OBSTRUCTING GOVERNMENTAL OPERATIONS / FA,White,19,700.0,1
OBSTRUCTING GOVERNMENTAL OPERATIONS / FA,White,50,1110.0,14
POSSESSION METH OR COCAINE W/ PURPOSE DE,Black,25,2500.0,14
POSSESSION METH OR COCAINE W/ PURPOSE DE,Black,32,2500.0,1
POSSESSION METH OR COCAINE W/ PURPOSE DE,Black,32,50000.0,7
POSSESSION METH OR COCAINE W/ PURPOSE DE,Black,36,2500.0,7
POSSESSION METH OR COCAINE W/ PURPOSE DE,Black,49,2500.0,14
POSSESSION METH OR COCAINE W/ PURPOSE DE,White,27,25000.0,14
POSSESSION METH OR COCAINE W/ PURPOSE DE,White,28,1500.0,12
POSSESSION METH OR COCAINE W/ PURPOSE DE,White,31,10000.0,14
POSSESSION METH OR COCAINE W/ PURPOSE DE,White,34,5000.0,5
POSSESSION METH OR COCAINE W/ PURPOSE DE,White,35,3500.0,14
POSSESSION METH OR COCAINE W/ PURPOSE DE,White,35,5000.0,14
POSSESSION METH OR COCAINE W/ PURPOSE DE,White,38,10000.0,14
POSSESSION METH OR COCAINE W/ PURPOSE DE,White,40,2500.0,14
POSSESSION METH OR COCAINE W/ PURPOSE DE,White,40,250000.0,14
POSSESSION METH OR COCAINE W/ PURPOSE DE,White,49,3500.0,3
POSSESSION OF CONTROLLED SUBSTANCE,Black,30,3500.0,13
POSSESSION OF CONTROLLED SUBSTANCE,Black,31,1500.0,12
POSSESSION OF CONTROLLED SUBSTANCE,Black,31,2500.0,7
POSSESSION OF CONTROLLED SUBSTANCE,Black,31,5000.0,2
POSSESSION OF CONTROLLED SUBSTANCE,Black,32,1500.0,7
POSSESSION OF CONTROLLED SUBSTANCE,Black,39,2500.0,14
POSSESSION OF CONTROLLED SUBSTANCE,Black,42,10000.0,5
POSSESSION OF CONTROLLED SUBSTANCE,Black,45,1500.0,5
POSSESSION OF CONTROLLED SUBSTANCE,Hispanic,37,2500.0,9
POSSESSION OF CONTROLLED SUBSTANCE,Hispanic,41,2500.0,14
POSSESSION OF CONTROLLED SUBSTANCE,Indian,52,3500.0,5
POSSESSION OF CONTROLLED SUBSTANCE,None,48,3500.0,5
POSSESSION OF CONTROLLED SUBSTANCE,White,20,1500.0,9
POSSESSION OF CONTROLLED SUBSTANCE,White,20,5000.0,9
POSSESSION OF CONTROLLED SUBSTANCE,White,21,10000.0,14
POSSESSION OF CONTROLLED SUBSTANCE,White,22,2500.0,2
POSSESSION OF CONTROLLED SUBSTANCE,White,23,1000.0,2
POSSESSION OF CONTROLLED SUBSTANCE,White,23,2500.0,14
POSSESSION OF CONTROLLED SUBSTANCE,White,25,2500.0,21
POSSESSION OF CONTROLLED SUBSTANCE,White,25,5000.0,14
POSSESSION OF CONTROLLED SUBSTANCE,White,25,7500.0,14
POSSESSION OF CONTROLLED SUBSTANCE,White,26,2500.0,28
POSSESSION OF CONTROLLED SUBSTANCE,White,28,1500.0,12
POSSESSION OF CONTROLLED SUBSTANCE,White,28,2070.0,1
POSSESSION OF CONTROLLED SUBSTANCE,White,28,2500.0,19
POSSESSION OF CONTROLLED SUBSTANCE,White,28,7500.0,14
POSSESSION OF CONTROLLED SUBSTANCE,White,28,10000.0,14
POSSESSION OF CONTROLLED SUBSTANCE,White,29,1500.0,1
POSSESSION OF CONTROLLED SUBSTANCE,White,29,2500.0,3
POSSESSION OF CONTROLLED SUBSTANCE,White,29,7500.0,7
POSSESSION OF CONTROLLED SUBSTANCE,White,29,52500.0,14
POSSESSION OF CONTROLLED SUBSTANCE,White,30,1500.0,14
POSSESSION OF CONTROLLED SUBSTANCE,White,32,2500.0,7
POSSESSION OF CONTROLLED SUBSTANCE,White,35,125000.0,14
POSSESSION OF CONTROLLED SUBSTANCE,White,36,1500.0,1
POSSESSION OF CONTROLLED SUBSTANCE,White,36,2500.0,1
POSSESSION OF CONTROLLED SUBSTANCE,White,36,3500.0,2
POSSESSION OF CONTROLLED SUBSTANCE,White,37,1500.0,28
POSSESSION OF CONTROLLED SUBSTANCE,White,37,5500.0,7
POSSESSION OF CONTROLLED SUBSTANCE,White,38,3500.0,21
POSSESSION OF CONTROLLED SUBSTANCE,White,39,2500.0,2
POSSESSION OF CONTROLLED SUBSTANCE,White,39,3500.0,7
POSSESSION OF CONTROLLED SUBSTANCE,White,40,1500.0,6
POSSESSION OF CONTROLLED SUBSTANCE,White,40,2500.0,14
POSSESSION OF CONTROLLED SUBSTANCE,White,41,1500.0,2
POSSESSION OF CONTROLLED SUBSTANCE,White,41,2105.0,9
POSSESSION OF CONTROLLED SUBSTANCE,White,43,5500.0,2
POSSESSION OF CONTROLLED SUBSTANCE,White,44,5000.0,13
POSSESSION OF CONTROLLED SUBSTANCE,White,46,3500.0,14
POSSESSION OF CONTROLLED SUBSTANCE,White,47,1500.0,1
POSSESSION OF CONTROLLED SUBSTANCE,White,47,2500.0,7
POSSESSION OF CONTROLLED SUBSTANCE,White,48,10000.0,14
POSSESSION OF CONTROLLED SUBSTANCE,White,49,2500.0,20
POSSESSION OF CONTROLLED SUBSTANCE,White,50,1500.0,14
POSSESSION OF CONTROLLED SUBSTANCE,White,52,1500.0,14
POSSESSION OF CONTROLLED SUBSTANCE,White,53,1000.0,14
POSSESSION OF CONTROLLED SUBSTANCE,White,54,1500.0,2
POSSESSION OF CONTROLLED SUBSTANCE,White,55,1500.0,1
POSSESSION OF CONTROLLED SUBSTANCE,White,55,2500.0,10
POSSESSION OF CONTROLLED SUBSTANCE,White,57,2500.0,14
POSSESSION OF CONTROLLED SUBSTANCE,White,62,3500.0,5
POSSESSION OF CONTROLLED SUBSTANCE,p,32,1500.0,9
POSSESSION OF CONTROLLED SUBSTANCE,p,32,2500.0,5
POSSESSION OF CONTROLLED SUBSTANCE(3   Counts),White,23,2500.0,14
POSSESSION OF CONTROLLED SUBSTANCE(3   Counts),White,31,7500.0,7
POSSESSION OF DRUG PARAPHERNALIA,Black,25,3500.0,2
POSSESSION OF DRUG PARAPHERNALIA,Black,32,1500.0,2
POSSESSION OF DRUG PARAPHERNALIA,Black,42,2500.0,14
POSSESSION OF DRUG PARAPHERNALIA,Black,43,2500.0,7
POSSESSION OF DRUG PARAPHERNALIA,Black,59,3500.0,14
POSSESSION OF DRUG PARAPHERNALIA,Hispanic,21,1500.0,14
POSSESSION OF DRUG PARAPHERNALIA,Hispanic,25,2500.0,14
POSSESSION OF DRUG PARAPHERNALIA,Hispanic,36,2500.0,13
POSSESSION OF DRUG PARAPHERNALIA,Hispanic,47,5500.0,7
POSSESSION OF DRUG PARAPHERNALIA,Hispanic,53,1000.0,14
POSSESSION OF DRUG PARAPHERNALIA,White,23,10000.0,7
POSSESSION OF DRUG PARAPHERNALIA,White,25,3500.0,13
POSSESSION OF DRUG PARAPHERNALIA,White,25,5500.0,13
POSSESSION OF DRUG PARAPHERNALIA,White,27,2500.0,14
POSSESSION OF DRUG PARAPHERNALIA,White,27,5500.0,7
POSSESSION OF DRUG PARAPHERNALIA,White,28,5000.0,12
POSSESSION OF DRUG PARAPHERNALIA,White,28,10000.0,14
POSSESSION OF DRUG PARAPHERNALIA,White,29,2500.0,9
POSSESSION OF DRUG PARAPHERNALIA,White,29,25000.0,17
POSSESSION OF DRUG PARAPHERNALIA,White,30,1500.0,9
POSSESSION OF DRUG PARAPHERNALIA,White,30,2500.0,5
POSSESSION OF DRUG PARAPHERNALIA,White,31,1500.0,16
POSSESSION OF DRUG PARAPHERNALIA,White,31,2500.0,1
POSSESSION OF DRUG PARAPHERNALIA,White,31,7500.0,7
POSSESSION OF DRUG PARAPHERNALIA,White,32,1500.0,2
POSSESSION OF DRUG PARAPHERNALIA,White,32,2000.0,3
POSSESSION OF DRUG PARAPHERNALIA,White,32,3000.0,7
POSSESSION OF DRUG PARAPHERNALIA,White,32,3500.0,2
POSSESSION OF DRUG PARAPHERNALIA,White,33,1500.0,7
POSSESSION OF DRUG PARAPHERNALIA,White,37,2500.0,5
POSSESSION OF DRUG PARAPHERNALIA,White,39,3500.0,2
POSSESSION OF DRUG PARAPHERNALIA,White,40,2500.0,14
POSSESSION OF DRUG PARAPHERNALIA,White,41,1500.0,7
POSSESSION OF DRUG PARAPHERNALIA,White,42,2500.0,14
POSSESSION OF DRUG PARAPHERNALIA,White,43,1500.0,2
POSSESSION OF DRUG PARAPHERNALIA,White,44,1500.0,2
POSSESSION OF DRUG PARAPHERNALIA,White,44,2500.0,14
POSSESSION OF DRUG PARAPHERNALIA,White,47,1500.0,14
POSSESSION OF DRUG PARAPHERNALIA,White,51,1000.0,2
POSSESSION OF DRUG PARAPHERNALIA,White,55,1500.0,14
POSSESSION OF DRUG PARAPHERNALIA(2   Counts),Hispanic,25,2500.0,14
POSSESSION OF DRUG PARAPHERNALIA(2   Counts),White,24,5000.0,3
POSSESSION OF DRUG PARAPHERNALIA(3   Counts),White,24,5000.0,7
POSSESSION OF DRUG PARAPHERNALIA(3   Counts),White,34,1000.0,1
POSSESSION OF DRUG PARAPHERNALIA(3   Counts),White,39,1500.0,2
POSSESSION OF FIREARM BY CERTAIN PERSONS,Black,34,5000.0,13
POSSESSION OF FIREARM BY CERTAIN PERSONS,Hispanic,36,25000.0,14
POSSESSION OF FIREARM BY CERTAIN PERSONS,White,22,2500.0,14
POSSESSION OF FIREARM BY CERTAIN PERSONS,White,26,5000.0,14
POSSESSION OF FIREARM BY CERTAIN PERSONS,White,26,250000.0,13
POSSESSION OF FIREARM BY CERTAIN PERSONS,White,32,2500.0,12
POSSESSION OF FIREARM BY CERTAIN PERSONS,White,35,2500.0,14
POSSESSION OF FIREARM BY CERTAIN PERSONS,White,37,1500.0,14
POSSESSION OF FIREARM BY CERTAIN PERSONS,White,39,1500.0,14
POSSESSION OF FIREARM BY CERTAIN PERSONS,White,47,3500.0,14
POSSESSION OF FIREARM BY CERTAIN PERSONS,White,51,5000.0,13
POSSESSION OF FIREARM BY CERTAIN PERSONS(4   Counts),White,33,5000.0,14
POSSESSION OF SCH 1 OR 2 W/INTENT TO DEL,Black,29,7500.0,1
POSSESSION OF SCH 1 OR 2 W/INTENT TO DEL,Black,34,250000.0,7
POSSESSION OF SCH 1 OR 2 W/INTENT TO DEL,White,27,5500.0,1
POSSESSION OF SCH 1 OR 2 W/INTENT TO DEL,White,34,5000.0,21
POSSESSION OF SCH 1 OR 2 W/INTENT TO DEL,White,34,5500.0,6
POSSESSION OF SCH 1 OR 2 W/INTENT TO DEL,White,37,5000.0,14
POSSESSION OF SCH 1 OR 2 W/INTENT TO DEL,White,39,15000.0,1
POSSESSION OF SCH 1 OR 2 W/INTENT TO DEL,White,40,2500.0,14
POSSESSION OF SCH 1 OR 2 W/INTENT TO DEL,White,40,15000.0,14
POSSESSION OF SCH 1 OR 2 W/INTENT TO DEL,White,48,1500.0,9
POSSESSION OF SCH 1 OR 2 W/INTENT TO DEL,White,48,2500.0,5
POSSESSION OF SCH 1 OR 2 W/INTENT TO DEL,White,49,2500.0,14
POSSESSION OF SCH 1 OR 2 W/INTENT TO DEL,White,52,3500.0,2
POSSESSION OF SCHEDULE IV OR V W/ INTENT,Hispanic,42,1500.0,14
POSSESSION SCHED VI W/ INTENT TO DELIVER,White,31,3500.0,7
POSSESSION SCHED VI W/ INTENT TO DELIVER,White,40,5000.0,14
PUBLIC INTOXICATION,Asian,19,365.0,1
PUBLIC INTOXICATION,None,23,465.0,1
PUBLIC INTOXICATION,White,20,365.0,1
PUBLIC INTOXICATION,White,21,200.0,1
PUBLIC INTOXICATION,White,24,200.0,1
PUBLIC INTOXICATION,White,26,200.0,1
PUBLIC INTOXICATION,White,27,1120.0,1
PUBLIC INTOXICATION,White,28,735.0,1
PUBLIC INTOXICATION,White,30,465.0,2
PUBLIC INTOXICATION,White,32,200.0,2
PUBLIC INTOXICATION,White,35,200.0,2
PUBLIC INTOXICATION,White,38,440.0,14
PUBLIC INTOXICATION,White,41,200.0,1
PUBLIC INTOXICATION,White,46,200.0,3
PUBLIC INTOXICATION,White,47,465.0,5
PUBLIC INTOXICATION,White,51,785.0,1
PUBLIC INTOXICATION,White,53,200.0,1
PUBLIC INTOXICATION,White,58,1000.0,3
PUBLIC SEXUAL INDECENCY,White,19,1035.0,1
PUBLIC SEXUAL INDECENCY,White,31,1035.0,1
RAPE -FORCIBLE FONDLING,Asian,31,50000.0,14
RAPE -FORCIBLE FONDLING,White,44,25000.0,14
RAPE / SEXUAL INTERCOURSE,Black,20,50000.0,14
RAPE / SEXUAL INTERCOURSE,Black,25,75000.0,7
RAPE / SEXUAL INTERCOURSE,Hispanic,20,15000.0,14
RAPE / SEXUAL INTERCOURSE,Hispanic,26,50000.0,7
RAPE / SEXUAL INTERCOURSE,Hispanic,36,150000.0,14
RAPE / SEXUAL INTERCOURSE,Hispanic,43,25000.0,14
RAPE / SEXUAL INTERCOURSE,Hispanic,47,75000.0,7
RAPE / SEXUAL INTERCOURSE,White,35,50000.0,14
RAPE / SEXUAL INTERCOURSE,White,35,100000.0,14
RAPE / SEXUAL INTERCOURSE,White,36,50000.0,14
RAPE / SEXUAL INTERCOURSE(2   Counts),White,69,250000.0,14
RAPE / SEXUAL INTERCOURSE(3   Counts),White,26,500000.0,14
RAPE / SEXUAL INTERCOURSE(3   Counts),White,31,100000.0,14
REGISTERED OFFENDER ON SCHOOL CAMPUS,White,27,10000.0,7
ROBBERY,White,28,2000.0,14
ROBBERY,White,34,5000.0,14
SEXUAL ASSAULT 1ST DEGREE(2   Counts),Black,27,25000.0,14
SEXUAL ASSAULT 2ND DEGREE,Hispanic,60,10000.0,14
SEXUAL ASSAULT 2ND DEGREE,None,34,30000.0,14
SEXUAL ASSAULT 2ND DEGREE,White,23,10000.0,1
SEXUAL ASSAULT 2ND DEGREE,p,55,25000.0,14
SEXUAL ASSAULT 2ND DEGREE(2   Counts),White,48,50000.0,14
SEXUAL INDECENCY WITH A CHILD,Hispanic,23,5000.0,14
SEXUAL INDECENCY WITH A CHILD(2   Counts),Hispanic,33,15000.0,14
SHOPLIFTING,White,21,565.0,3
SHOPLIFTING,White,25,1080.0,6
SIMULTANEOUS POSSESSION OF DRUGS AND FIR,White,28,7500.0,2
TAMPERING WITH PHYSICAL EVIDENCE / SUPPR,White,42,1500.0,14
TERRORISTIC ACT,Black,19,15000.0,14
TERRORISTIC ACT,Black,19,20000.0,14
TERRORISTIC ACT,White,18,25000.0,1
TERRORISTIC ACT,White,26,100000.0,13
TERRORISTIC THREATENING,Black,25,10000.0,7
TERRORISTIC THREATENING,Black,31,2500.0,5
TERRORISTIC THREATENING,Black,33,7500.0,3
TERRORISTIC THREATENING,Hispanic,43,3500.0,14
TERRORISTIC THREATENING,White,19,10000.0,14
TERRORISTIC THREATENING,White,21,5000.0,5
TERRORISTIC THREATENING,White,22,25000.0,14
TERRORISTIC THREATENING,White,26,5000.0,5
TERRORISTIC THREATENING,White,27,25000.0,14
TERRORISTIC THREATENING,White,30,5000.0,14
TERRORISTIC THREATENING,White,31,3500.0,2
TERRORISTIC THREATENING,White,33,3500.0,2
TERRORISTIC THREATENING,White,38,10000.0,14
TERRORISTIC THREATENING,White,46,500000.0,14
TERRORISTIC THREATENING,White,57,5000.0,14
THEFT BY RECEIVING,Black,20,1500.0,9
THEFT BY RECEIVING,Black,23,5000.0,14
THEFT BY RECEIVING,Black,24,2500.0,14
THEFT BY RECEIVING,Black,29,2500.0,1
THEFT BY RECEIVING,Black,33,2500.0,14
THEFT BY RECEIVING,Hispanic,18,1500.0,14
THEFT BY RECEIVING,Hispanic,22,2500.0,9
THEFT BY RECEIVING,Hispanic,22,5000.0,3
THEFT BY RECEIVING,None,26,1500.0,14
THEFT BY RECEIVING,White,23,1500.0,14
THEFT BY RECEIVING,White,23,2500.0,2
THEFT BY RECEIVING,White,24,1500.0,3
THEFT BY RECEIVING,White,30,2500.0,5
THEFT BY RECEIVING,White,32,1500.0,1
THEFT BY RECEIVING,White,32,5500.0,2
THEFT BY RECEIVING,White,35,2500.0,14
THEFT BY RECEIVING,White,35,3500.0,14
THEFT BY RECEIVING,White,35,7500.0,14
THEFT BY RECEIVING,White,35,50000.0,14
THEFT BY RECEIVING,White,37,1000.0,2
THEFT BY RECEIVING,White,37,1500.0,3
THEFT BY RECEIVING,White,37,15000.0,14
THEFT BY RECEIVING,White,41,7500.0,7
THEFT BY RECEIVING,White,50,1505.0,7
THEFT BY RECEIVING,White,50,10000.0,14
THEFT BY RECEIVING,White,53,2500.0,14
THEFT BY RECEIVING(19  Counts),White,41,2500.0,14
THEFT BY RECEIVING(2   Counts),White,29,1301.5,7
THEFT BY RECEIVING(2   Counts),White,30,2500.0,12
THEFT BY RECEIVING(7   Counts),White,40,50000.0,14
THEFT OF PROPERTY,Black,24,685.0,14
THEFT OF PROPERTY,White,25,3500.0,14
THEFT OF PROPERTY,White,31,3500.0,14
THEFT OF PROPERTY,White,33,1500.0,7
THEFT OF PROPERTY,White,33,7500.0,7
THEFT OF PROPERTY,White,38,2500.0,14
THEFT OF PROPERTY,White,41,5000.0,7
THEFT OF PROPERTY,White,43,3500.0,3
THEFT OF PROPERTY,White,44,3500.0,7
THEFT OF PROPERTY,White,45,10000.0,5
THEFT OF PROPERTY  MOTOR VEHICLE,White,48,3500.0,5
THEFT OF PROPERTY  MOTOR VEHICLE(4   Counts),White,23,10000.0,14
THEFT OF SERVICES,White,36,885.0,7
VIOL IMPLIED CONSENT,White,40,765.0,1
VIOL. CONDITIONS OF BOND,White,19,50000.0,14
VIOLATION OF A PROTECTION ORDER,White,26,2500.0,2
VIOLATION OF A PROTECTION ORDER,White,56,5000.0,14
VIOLATION OF OMNIBUS DWI ACT,White,62,1590.0,1
VIOLATION OF PROBATION,Black,23,3500.0,14
VIOLATION OF PROBATION,Black,24,2500.0,14
VIOLATION OF PROBATION,Black,26,10000.0,1
VIOLATION OF PROBATION,Black,32,1500.0,7
VIOLATION OF PROBATION,Black,32,3500.0,2
VIOLATION OF PROBATION,Hispanic,25,7500.0,14
VIOLATION OF PROBATION,Hispanic,36,1500.0,13
VIOLATION OF PROBATION,Hispanic,40,500.0,9
VIOLATION OF PROBATION,Hispanic,45,3500.0,13
VIOLATION OF PROBATION,None,26,5000.0,14
VIOLATION OF PROBATION,White,23,1500.0,14
VIOLATION OF PROBATION,White,23,2500.0,2
VIOLATION OF PROBATION,White,23,5000.0,9
VIOLATION OF PROBATION,White,25,2500.0,8
VIOLATION OF PROBATION,White,25,3500.0,1
VIOLATION OF PROBATION,White,27,5000.0,14
VIOLATION OF PROBATION,White,28,1500.0,1
VIOLATION OF PROBATION,White,29,2500.0,3
VIOLATION OF PROBATION,White,31,2500.0,20
VIOLATION OF PROBATION,White,32,2500.0,14
VIOLATION OF PROBATION,White,33,2500.0,19
VIOLATION OF PROBATION,White,36,2500.0,1
VIOLATION OF PROBATION,White,37,1500.0,2
VIOLATION OF PROBATION,White,37,2000.0,14
VIOLATION OF PROBATION,White,38,2500.0,14
VIOLATION OF PROBATION,White,39,1000.0,14
VIOLATION OF PROBATION,White,40,5000.0,14
VIOLATION OF PROBATION,White,45,1500.0,7
VIOLATION OF PROBATION,White,45,2500.0,1
VIOLATION OF PROBATION,White,45,3500.0,7
VIOLATION OF PROBATION,White,46,2500.0,27
VIOLATION OF PROBATION,White,47,1500.0,14
VIOLATION OF PROBATION,White,47,3500.0,7
VIOLATION OF PROBATION,White,48,1000.0,14
VIOLATION OF PROBATION,White,49,2500.0,14
VIOLATION OF PROBATION,White,50,5000.0,2
VIOLATION OF PROBATION,White,59,2500.0,14
VIOLATION OF SUSPENDED SENTENCE,White,30,3500.0,1
VIOLATION OF SUSPENDED SENTENCE,White,33,1500.0,13
VIOLATION OF SUSPENDED SENTENCE,White,35,2500.0,28
VIOLATION OF THE ARKANSAS HOT CHECK LAW,White,38,2500.0,14
